-- MySQL Script generated by MySQL Workbench
-- 09/01/16 18:17:43
-- Model: New Model    Version: 1.0
-- MySQL Workbench Forward Engineering

SET @OLD_UNIQUE_CHECKS=@@UNIQUE_CHECKS, UNIQUE_CHECKS=0;
SET @OLD_FOREIGN_KEY_CHECKS=@@FOREIGN_KEY_CHECKS, FOREIGN_KEY_CHECKS=0;
SET @OLD_SQL_MODE=@@SQL_MODE, SQL_MODE='TRADITIONAL,ALLOW_INVALID_DATES';

-- -----------------------------------------------------
-- Schema eshopdb2
-- -----------------------------------------------------
DROP SCHEMA IF EXISTS `eshopdb2` ;

-- -----------------------------------------------------
-- Schema eshopdb2
-- -----------------------------------------------------
CREATE SCHEMA IF NOT EXISTS `eshopdb2` DEFAULT CHARACTER SET utf8 ;
USE `eshopdb2` ;

-- -----------------------------------------------------
-- Table `eshopdb2`.`users`
-- -----------------------------------------------------
DROP TABLE IF EXISTS `eshopdb2`.`users` ;

CREATE TABLE IF NOT EXISTS `eshopdb2`.`users` (
  `user_id` INT NOT NULL AUTO_INCREMENT,
  `email` VARCHAR(256) NOT NULL,
  `password` VARCHAR(256) NOT NULL,
  `fullname` VARCHAR(256) NOT NULL,
  PRIMARY KEY (`user_id`),
  UNIQUE INDEX `user_id_UNIQUE` (`user_id` ASC))
ENGINE = InnoDB;


-- -----------------------------------------------------
-- Table `eshopdb2`.`products`
-- -----------------------------------------------------
DROP TABLE IF EXISTS `eshopdb2`.`products` ;

CREATE TABLE IF NOT EXISTS `eshopdb2`.`products` (
  `product_id` INT NOT NULL AUTO_INCREMENT,
  `name` VARCHAR(256) NOT NULL,
  `description` VARCHAR(1000) NULL,
  `image` VARCHAR(1000) NULL,
  PRIMARY KEY (`product_id`))
ENGINE = InnoDB;


-- -----------------------------------------------------
-- Table `eshopdb2`.`stores`
-- -----------------------------------------------------
DROP TABLE IF EXISTS `eshopdb2`.`stores` ;

CREATE TABLE IF NOT EXISTS `eshopdb2`.`stores` (
  `shop_id` INT NOT NULL AUTO_INCREMENT,
  `name` VARCHAR(256) NOT NULL,
  `address` VARCHAR(256) NOT NULL,
  `image` VARCHAR(1000) NULL,
  PRIMARY KEY (`shop_id`),
  UNIQUE INDEX `shop_id_UNIQUE` (`shop_id` ASC))
ENGINE = InnoDB;


-- -----------------------------------------------------
-- Table `eshopdb2`.`store_products`
-- -----------------------------------------------------
DROP TABLE IF EXISTS `eshopdb2`.`store_products` ;

CREATE TABLE IF NOT EXISTS `eshopdb2`.`store_products` (
  `shop_id` INT NOT NULL,
  `product_id` INT NOT NULL,
  `storeproduct_id` INT NOT NULL AUTO_INCREMENT,
  `price` DOUBLE UNSIGNED NOT NULL,
  PRIMARY KEY (`storeproduct_id`),
  INDEX `fk_shops_has_products_products1_idx` (`product_id` ASC),
  INDEX `fk_shops_has_products_shops1_idx` (`shop_id` ASC),
  UNIQUE INDEX `store_productscol_UNIQUE` (`storeproduct_id` ASC),
  CONSTRAINT `fk_shops_has_products_shops1`
    FOREIGN KEY (`shop_id`)
    REFERENCES `eshopdb2`.`stores` (`shop_id`)
    ON DELETE NO ACTION
    ON UPDATE NO ACTION,
  CONSTRAINT `fk_shops_has_products_products1`
    FOREIGN KEY (`product_id`)
    REFERENCES `eshopdb2`.`products` (`product_id`)
    ON DELETE NO ACTION
    ON UPDATE NO ACTION)
ENGINE = InnoDB;


-- -----------------------------------------------------
-- Table `eshopdb2`.`items`
-- -----------------------------------------------------
DROP TABLE IF EXISTS `eshopdb2`.`items` ;

CREATE TABLE IF NOT EXISTS `eshopdb2`.`items` (
  `product_id` INT NOT NULL,
  `user_id` INT NOT NULL,
  PRIMARY KEY (`product_id`, `user_id`),
  INDEX `fk_products_has_lists_products1_idx` (`product_id` ASC),
  INDEX `fk_items_users1_idx` (`user_id` ASC),
  CONSTRAINT `fk_products_has_lists_products1`
    FOREIGN KEY (`product_id`)
    REFERENCES `eshopdb2`.`products` (`product_id`)
    ON DELETE NO ACTION
    ON UPDATE NO ACTION,
  CONSTRAINT `fk_items_users1`
    FOREIGN KEY (`user_id`)
    REFERENCES `eshopdb2`.`users` (`user_id`)
    ON DELETE NO ACTION
    ON UPDATE NO ACTION)
ENGINE = InnoDB;


-- -----------------------------------------------------
-- Table `eshopdb2`.`reviews`
-- -----------------------------------------------------
DROP TABLE IF EXISTS `eshopdb2`.`reviews` ;

CREATE TABLE IF NOT EXISTS `eshopdb2`.`reviews` (
  `user_id` INT NOT NULL,
  `storeproduct_id` INT NOT NULL,
  `comments` VARCHAR(256) NULL,
  `rating` INT UNSIGNED NOT NULL,
  `price` DOUBLE UNSIGNED NULL,
  PRIMARY KEY (`user_id`, `storeproduct_id`),
  INDEX `fk_users_has_store_products_store_products1_idx` (`storeproduct_id` ASC),
  INDEX `fk_users_has_store_products_users1_idx` (`user_id` ASC),
  CONSTRAINT `fk_users_has_store_products_users1`
    FOREIGN KEY (`user_id`)
    REFERENCES `eshopdb2`.`users` (`user_id`)
    ON DELETE NO ACTION
    ON UPDATE NO ACTION,
  CONSTRAINT `fk_users_has_store_products_store_products1`
    FOREIGN KEY (`storeproduct_id`)
    REFERENCES `eshopdb2`.`store_products` (`storeproduct_id`)
    ON DELETE NO ACTION
    ON UPDATE NO ACTION)
ENGINE = InnoDB;


SET SQL_MODE=@OLD_SQL_MODE;
SET FOREIGN_KEY_CHECKS=@OLD_FOREIGN_KEY_CHECKS;
SET UNIQUE_CHECKS=@OLD_UNIQUE_CHECKS;

-- -----------------------------------------------------
-- Data for table `eshopdb2`.`users`
-- -----------------------------------------------------
START TRANSACTION;
USE `eshopdb2`;
INSERT INTO `eshopdb2`.`users` (`user_id`, `email`, `password`, `fullname`) VALUES (1, 'ihalk@di.uoa.gr', '12345', 'ilias halk');
INSERT INTO `eshopdb2`.`users` (`user_id`, `email`, `password`, `fullname`) VALUES (2, 'hariskrav@di.uoa.gr', '12345', 'haris krav');

COMMIT;


-- -----------------------------------------------------
-- Data for table `eshopdb2`.`products`
-- -----------------------------------------------------
START TRANSACTION;
USE `eshopdb2`;
INSERT INTO `eshopdb2`.`products` (`product_id`, `name`, `description`, `image`) VALUES (1, 'Sony PlayStasion 3', 'Play, Stream, and Watch your favorite games, movies, and television shows with the PlayStation®3 500GB System.', 'https://images-na.ssl-images-amazon.com/images/I/61AlsXa%2BzdL._SL1200_.jpg');
INSERT INTO `eshopdb2`.`products` (`product_id`, `name`, `description`, `image`) VALUES (2, 'Sony PlayStasion 4', 'Play, Stream, and Watch your favorite games, movies, and television shows with the PlayStation®4 500GB System.', 'https://images-na.ssl-images-amazon.com/images/I/51ROi4d4puL._SL1280_.jpg');
INSERT INTO `eshopdb2`.`products` (`product_id`, `name`, `description`, `image`) VALUES (3, 'Xbox 360', 'The new Xbox 360 4GB console has built-in wi-fi, a black wireless controller, a standard definition composite A/V cable, and comes with a free one-month Xbox LIVE Gold Membership.', 'https://images-na.ssl-images-amazon.com/images/I/61Kz7ogs25L._SL1000_.jpg');
INSERT INTO `eshopdb2`.`products` (`product_id`, `name`, `description`, `image`) VALUES (4, 'Xbox One', 'This item includes the Xbox One console, 1 wireless controller, HDMI cable, and power supply . For more troubleshooting steps please check the manufacturer\'s webiste Play games like Titanfall and Halo on a network powered by over 300,000 servers for maximum performance.', 'https://images-na.ssl-images-amazon.com/images/I/31jh4-mJ-uL.jpg');

COMMIT;


-- -----------------------------------------------------
-- Data for table `eshopdb2`.`stores`
-- -----------------------------------------------------
START TRANSACTION;
USE `eshopdb2`;
INSERT INTO `eshopdb2`.`stores` (`shop_id`, `name`, `address`, `image`) VALUES (1, 'Public', 'Karagiorgi Servias 1', 'http://www.techpress.gr/wp-content/uploads/2012/05/PUBLIC_newLogo.jpg');
INSERT INTO `eshopdb2`.`stores` (`shop_id`, `name`, `address`, `image`) VALUES (2, 'Plaisio', 'Stournari 19', 'http://www.plaisio.gr/images/facelift/fb-plaisio-logo.jpg');
INSERT INTO `eshopdb2`.`stores` (`shop_id`, `name`, `address`, `image`) VALUES (3, 'Kotsovolos', 'Leof. Kifisias 124', 'data:image/jpeg;base64,/9j/4AAQSkZJRgABAQAAAQABAAD/2wCEAAkGBxMTEhUTExIVFRUVGBoXGBgYGBcYGhsXGh0WICEdFhceHiggJRonIBgVJjElJSkrLi4uGh8zODMtNygvLisBCgoKDg0OGxAQGy0mICUrKy0vLy0tLS0tLy0tKy84LS0tLS0vLS4tLS0vLS8tLS0tLS0vLS0tLS0tLS0tLS0tLf/AABEIAGAAbAMBEQACEQEDEQH/xAAcAAACAgMBAQAAAAAAAAAAAAAABQQGAQIDBwj/xABBEAACAQIEBAIHBQUFCQAAAAABAgMAEQQFEiEGEzFBUXEHFCIyYYGxUnKRwdEVIyRDkhYzQqHSRFNic4KisuHw/8QAGwEAAQUBAQAAAAAAAAAAAAAAAAECAwQGBQf/xAA8EQABAwIDAgsGBQMFAAAAAAABAAIDBBEFITESURMUIjJBYYGRobHhM0JSctHiBhVicfBTgqIWI5Kywf/aAAwDAQACEQMRAD8AuuHx+XQLhIJoI+bNDDptAjXLBRubeNRuma12yVdgoJponSs0b1qZBmOWPLNGIIf4cEyMYU0KB19q3jSCVtyNyV2HTtYx5HO0HSUvwHFWTyyCMQxAsdILQIFJPa9vrTRUxk2U8uC1cbNsgG245rSfi7JlZlaBLqSp/h16g28KQ1TAbJzcEq3tDgBY9a647ibKYm0vAgJVWH8OvusAQb2+NK6pY1NiwapkF223arpiuIspjhjmaGK0oJQCBNRAJBJFthcGldOwC6bHhNTJI6MDTU3y71vDnmVPhnxKwRFIyocchNQ1MAPZt0uaBOwt2k12FVDZhCRmdM9y5ZZxLlE8gjSKIMxsNUCqCT2vp60jaljjZOmweqiYXuGQ1sVtnXEGU4aUwyQxF12YLCjWPgduu/SlfUMYbFFNhNTUM22DLrNlOnxmWLhRi+TAYTYXEKE3Jta1ut6cZWhu30KBtBO6fgLcpZyfF5biYnmjhg0RmzFoUW1hfuOlDJWuBcElRQzU8gjeMzpZLMFxPk8koiWKIEnSCYECk+envTG1LCbXVmTBqqOPhC3LXVcp+LcoRmVoEDISGHq67EEg/wCHxFIapgNk9uCVTmhwAsRcZpN6Q8FAMRGUhjVWhVrBEHVpPh5VYGYuuSQGkh2qXcZcz1jLuV/eerQaPg3aufU34QWWswTY4nJt6XN/2sjJoRJlGMWM2xAkDTajuVB2t+DfO9Nb7J2/pU07y3EInO5hHJ3Xso+ccqTLsujhtzizjYWN7i9z5laR5BjaApKbhGVlQ6Tm2Hp4JznUGnOsEpC35cOrYWJ/eXNSPH+83sVOnffDZnA9Jt4Lb0mSRjMcIE0rKoTUxtpC6zp1eXtHyNLU24QWTcGD+Jyl2YN7bybdCi5niYv25FLIyHDkKUbbl6dBG3a3M1fOmuI4cE6KaBkn5W5jAdvO+/X6JFKQVzNorcq8drDbedLW/wC6ojblkfzNXgCDTh/Oz/6owL2ky8zlJIwfZWMgOvt/zNuuqx8qBq3aRLm2cRXDuknQ5dCYZFLCk2ZDFadZWQDX1J1NcC/f3aeywc4OVaqbI+OnMGlxe37JXHI/qEGH3tNiSwHwUBfqx/AUzPgw3eVbcGirfL8LPXyUzEKYBmeDS4AKuB/wI4v8tLKfIUpu3aYomkTGnqHbiO0jLx81zz2TDnLcEsQUzhn1ge9/1d9yVtQ6xjbbVLTNmFbMX32bdOib4DFRrnGp2jRVjtOZCNJcIoa1+97f509paJVUmZI7DrNBJJ5Nt18ky9JljiYyOhgW1ultcldHJY+xSKLjDDvyJJMvDSQxxqr85gfYAsbaK5j6lu1ct061uKXAphBZk9g4ZjZ3jP3ls/FWEJlP7NH77+8/ftY733Gjx3pvGWZ8jXr9FY/JKgBo4xzdORf/ANXF+IsCVVTlgKpq0jntYarX/wAHwFN4dnwePonDB6sEuFTr+j7lOm44w7TJiGy8GWMKEbnnYLe22j4mnmqaTtbOf7+igb+HpmxGIT8k6jY+5Rsx4pwk8jSy5aGdupOIbsLfY+FNNTG43LPH0U0OCVMLAxlRYD9PqjF8VYSSJIWy0FI76P35BUEkmzcu9rmlNSwi2z4+iSPA6hkhkbUZnXk6+K6RcX4VcO2GGWqInILLzzckEEEnl36gUvGmbOzs5fv6JrsBqHTCY1HKGnJ+5c8DxNgonEiZWgZdwTOTY+IBj600VMYNwzx9E+XBaqVhY6oNj+n7kZxxVhMTJzZcuBfa5E5F7eNo96V1SxxuWePokp8EqYG7DKjL5fVby8XYVmjY5at4QBHaYgLpNxYcvxo4yw25GnX6JG4FUNDgKg8rXk6/5Lp/bXDc9sR+zhzWuGbnncEWII5drEUvGmbW1s+Pomf6fm4IQ8Odkfp3f3KHguIcFFLzUywBgbi87EA+IBS1NFRGDfY8fRTy4PVSM4N1Rl8v3LWTPcCxJOWAkkkn1hrkne59jzpDPGfc8fRKMJq2iwqP8PVQuLuNefKjer6AsSoBrLbAv30fGrcdTtDTxWcrcCMMluFvcX5vWf1KBw9k8uJ0LEt9luew2qhsOe8gda2PHIqanY6Q+6PJelZN6L0ABnfUfADarjKIe8Vmar8TvcbQtsN6sUXA2CUW5IqcU0Y6FyXY5WE32lHxno8wbjZNB8RTXUkZU0P4gq2HM3VI4i9HUsILxESIO3eqktG5ubVo6D8RQznZkFiqO6EEgixHaqZWjaQRcLFCfYIoRYIoRYIoRYIoRYIoRYIoRYJRm/vj7o+pq5T83tWbxYDhh8o8yvpfg3LI4cJAEW2qJCT4kqprptaG6LC1FTJOQXnRPWpygUTD40OzhVJVNtV/ZLDqF8bdCel7jtQhGEx6yMyWKultSNsQD0YeKmxsRtsR1BFCFMIoQvP/AEhcGiVDPELOouQB1FUqmn2htBafA8YdE4Qy6FeRMLGx2rl6LetIIWKRKihKihCKEIoQgUqRKM398fdH1NXKfm9qzmLe2HyjzK+peHz/AAmH/wCTH/4LXVXnqxn+JZIHKEB2tGhPQO5CqSPAFgflQhV/IsdKzy4Z8K8EcCkRyktboQGJNgSR7XeoI5XueWkLp1lFDDAySOTaJ1G5Ty49XixSg6oU1N1uY/5i779rgHuoqdcxO5MYi6dTAayAvgSelj8aELq29CF4/wCkLhXlytLCNm3KDx8V/SuVUwbLrtW8wTFduIRynMaFUM1SWoBRQnIoQihCKEIFKkSjN/fH3R9TVyn5vas5i3th8o8yvofMM5XD5bFdmDSQIqFQTpLIih2t0RWZbnyrqrz1ScpxcLsIzJJ7NgIpRYawT7rsLlgR01G21CE1zfBPIlopOW43UldaE2ItIm2pDfcXFCSyzlOEaOJY25fsi1o10oBboikk286EqS43FoGIiiYtq7s4Fw2jVCLMraSSbbW03NtjQhNuH2xBjPrAAbUwW3UoDsX2A1HfoOlqEJbxlHsrd72qvPouvhTuUQvOM8yASXkiAD9x2b9DVCSK+YWro68xch+nkqfIhBIIII2IPjVVaFjw4XGi1pE5FCVFCEClSJRm/vj7o+pq5T83tWcxb2w+UeZXpfFGZYh8Vl+GBMWGGGQyTGNWueWJDZyDYgImwPUgnqK6q89V4mxunA4bFyoVa8Ekig9Li2wJsPe3pHODRcqSGIyyBg6cluOPsN9lv6ov9dVuNsXY/IKneO530Wf7fYb7Lf1Rf66ONM/lkfkFTvHc76JpwjOJMMsg6SPI48mdyOm1WQQRdcaWMxvLHag2ToClTFW+M39lV8TVec5Lr4U3lEqqVWXbSvOcnWcXHsydm8fg1MkjDv3Vukq3QG2rd30VJxWGaNirixH/ANcfCqRFjZaOGVsjdppyXKkUqKEqBSpEozf3x90fU1cp+b2rOYt7YfKPMr6MTKtWCjkihR5+REUDMyKzKi2DkdvHxAA8uqvPVW+JssznFYVIx7ExZTKCYeQbG/sba+oU737g+NIUrXFpuNVx4Y4Dxyzg46SKWExkkRgKVkvsPduRb603g2fCFY47U/1Hd678Sej/ABbz3wU8UMHLHsyIJG5gLX6joQV79qODZ8I7knHKn+o7vKk5dluc4WPDRQ8iUICJuY4CkXNuUFQFdj3v079acMslATc3K9AS9t9jbcdd/OlSKlcSYvXKQOi7fOqcrrlaPD4THFc9KU1Er6waEKHmmWpOuluvZu4/UU17A4KaCd0DtpvcqPmOXvC+lx5EdCPhVNzS05rS09Q2Zm01RKYrCBSoSjN/fH3R9TVyn5vas5i3th8o8yvpzhHHpLg4ChvaKMH4EKvWum1wdosFLC+I2cPVORTlEs0IRQhYvQhJM/zcRqVU+0f8qhkksLBdGipDI4OdoqZe+56mqpWhtbIIpEIoQihC4YzCpKuhxcfQ+IPjSOaHCxT45Hxu2mGxVIznKHgO+6E7N+R+NqpvjLStHSVjZ29Y1CWimK5dKM398fdH1NXKfm9qzuLe2HyjzKtPC/EE2FCmM7WFwenSohK5jzbrV1+Hw1dOwPHujPsXqGS+kuBwBMNDeParrKxp5yytV+Gp2G8WYVjh4qwjC4nWrAnjPSuU7C6tpsWFay8W4Qfz0v4XpDPHvQ3Cqs+4UqxvFQcWiIse4IqJ04OQV2HCyw7UnkkUjEm561CSumAGiwWt6E5ZoQihCKEIoQtJIwwIYAg9Qe9BzyKUEtO0DYqm57kRiu6XaO/zX4H4fGqkkWzmF3qOvEvIfk7zVNzf3x90fU1PT83tXOxd1ph8o8ymEEyhFuy+6O48POoHsdtHLf0LrU1TCImAvHNHSNy29ZT7a/iP1pvBu3eBU3Gofjb3j6o9YT7S/iP1o4N249xRxqH4294+qPWE+0v4j9aODduPcUcah+Md4+qz6yn21/EfrRwbtx7ig1MB1e3vH1XePNSvSe3k/wD7pQ1439xUbpKV2pb3hTIuJ5R/tAPmVNPBk6+5V3Q0Lulvf6qVHxi46tE34D86cHybvAqF1JRnSQD+4KTHxsvdE+UgH5U4SO+FQuooOiYeH1UpOM8P3uPmh/MUvCHcVCaQdEjO+ylxcUYQ/wA5R57U4Ovv7ioHQkdLf+Q+qlR5zh26YiL+tR+dPAuoHODdT4hdTj4f99F/WlvnvS7JTOGZvHeqBxZgoOcDHIgBQGwZSAbt038qdHEAFFWVxe8XINhbXrK//9k=');
INSERT INTO `eshopdb2`.`stores` (`shop_id`, `name`, `address`, `image`) VALUES (4, 'Media Markt', 'Leof. Andrea Siggrou 340', 'data:image/png;base64,iVBORw0KGgoAAAANSUhEUgAAAOEAAADhCAMAAAAJbSJIAAAAkFBMVEX////fAAD/+vrhFRXhIiLcAADgAADysbH75eX+9fX64OD86Oj98PD40ND85+f51tb98fHukJD2xcXyra3jNDTpZWXti4vqdXXwnp7pamrkPDz40dH63NznVlb1v7/vmZnkQ0Pxp6frhobrfX3iKCjmTk70ubnvlZX1wsLoZmbhGxvre3vjNzfnW1vqb2/nU1O9f5AXAAAJPklEQVR4nO2Z2XriOgyAnQRnIaQUCGGHJCzpQEPf/+2OFjsLLZ1v5pybmaP/oq2cxLZkWZJdpQRBEARBEARBEARBEARBEARBEARBEARBEARBEARBEARBEARBEARBEARBEARBEARBEARBEARBEARBEARB+EMZ/O0o529HNPzzEQ3/fL7XcJCm79dWPPXFf0Oen342cpq2otcXf4VvNTxjOikacdcXf5fDztHFT3rKKZPpRh71xV/hOw1TF/strXjti79JqTaO3iuVnLSjncHXL3k01NCqpBMUt/+9hmQ4tbbDbHvi7xIpTwcqumv9fthE6vLVO/4LDTU1KukJifv/XEPWyL5AjtWKz1hnZXnNszLLv3rqObUqdKZePL0Iub/R52XkJVPqYOQPFr/xnkVZdp72h386Yz3lfmNjuQWL4feGpK9WOMPL5xd1eQQ7eakaOd5YbbOTo7X2P2mIPkysWPYiFuuno6b4uIlc5Gz7n2pol8y6yntffAp6dopTyj4/y1Wtt1NQIL9Go7N28h/3D9DyceSDLZl5HfSYJfd5FL/34xAOf/yZhvpoh1myHBux+l7BE07FxxfPnx8O1YcGX4Pljaa6NhN/me16OuqFHdn1SV4a8fW5bYteHKLF2P1Mwx92GHWnYd6s+ON7DVcYAmnffBElX2BclS+UFyROoqblLl9VG9yK3Zd2zci8IZqZPPce2hrtrsA5uO3TrzXMqc/IugrEBity2tUQMx6HGWATGjzwZkUxMc3etRkZJrJy1GkZ+64Tvl3Ph1l1dvTp0nUpcgIDzfnkPjiTc732HVv7zqvqxiH08rh95UsNfVLm9WaNQZnfLVFLen6bxtFouGw2hr4uh5GKhhlFwWz5EsZLai6Gkfs6POrZKB4twE6VVqdgfztcquOlWixmMaih823YDs27gWINhlJNEXfsGu/RtyR23fhyHYxe4v0Jfsw+Ek5qtaNn8ctLOAxx8m4cj7JvNKRuXS9QnHV9suMZjK02IJaNWTNjKRuVVIjWXA+NxYOmOaKePPC04bwoivm+zA6XZLrQ+VAdtZ40cZAz1Ng3W0lfyHkG7D16FTUui2ZoYgXO9spZc9w2lc815HS007hHAlCCvqoops20t+n0u0QVB0PV44TzWOhB3G+GDofKWQa3t8MhS7bH22oRuzUEklnXj5GYU9PJxrsdxspRG96tfWcdYaTn+Gtbt031Mw01m/7uaFyriek40Rp/HU2h08waVvi1P3BI2cm7PjRjtLupyn/1R8cMOynKqbdUBzB9YGsXDpuuRwkjhvKB5Am1bx8VVHNTkpBLvdGyR37WPveeaKgr063DQZ+jN+w/D3+ntF7ubFXTLEFxh1qGWZ6XrNOUsxMVXtsyz/lFBa/dwA38almUtM22QR57FQw0Y1eAgoAnnHJRM9YUQcCzyZmWtJ5uUacrUxFwtJimZPqCPCY3vcRYSzhfa2jSEZqVlv1KK6I+WHyl9Z169DWpxnZfdvZvhbZOKG0feBR6sVxA1Bq4oTO9z6iX8Xx7jkGXFNyCUtJc2aGooyX77MhnscKlCikyc2hXtDsh4J6ahcRuaOuOO9H2UUMKmyrBP3HnhuyVlWaRrLbRDGVW8vtCdz7+gQsQdBR0cmoG4251qmJ/WSxwPrAZd+NyAG6wUphb2JRqDn9e6QOubWBZSBV0ydg3y4AhYYNDY1XQlAhFY/iio9GDhgP2KLIUOsN0yo5iwxoSbg3G+ToWC63zxIrjLk8IrQRxY6VCz5mqZZ2t9snisMyC+whqibWOQa0rx8mFtiYhZ4dIa7OzsmUcgIs4O/ASOrbKe6PxvH7N9qghzUWNvMa5aNio9bUv+Wg+R6W1bW7qNjR5pGtPn18hhKdBkhSQLY6z48ZXpzuY/v5uu+f8w1tOGQ2c0nTYVjVYttzR+GV7RDBVFEWn7nVAX0POJqZuaZIP13j9INohbr+HNdzYssttk8AIQ9IqmmsHdtN0Uk4ukzqsi2qrIY9T/WEOTBxynFm/ayu2K4NruI7NqlrTc92GZUrvNqCrobGG8YW1Haai99OnS9jWvDlIQfapGbcnJL0RaK91Wh6qlb9U/vaUvGlYtAgO1SZDmbShm7Sd9sTWKbamvo88ex+A1NYcwycamoSz6B8I1YZFjHQUkVdzw263q3GzDHsWWuD2xf3YlIbczM4WzxYfu+NFxd4S1Ds4kCy2sNceDvHWexatiD02VT86abg2Q9NKkFnJGTbq4Tag1dAUEBP71CZYE78wK+wxQZnDjk6n0+RAOXPQ7SBHpyG/MqWYJr/By4/1waxGeNSVCz2mtVrBlAIuRBI7E1t9m+MCieN2ibkUCY6mhdNvYuf+6WzaasjpqGgsn3SW3kTWA7bx3tB88UZhZdpJ2Hw4rNEUCTfzuYSDF5x6b7cPsM7YBbffgNekME744NUmMYYdMSJ75xTj11QIUM1WmpUYak4CJ95M8y815G3XOYRFPY0pyq7YGe6DAZXhkI35xiE5n9IVr09MFvdoRyfz9P3OzcaTUw8X/5hgJnmBdY1ie8HV+rrjcFXVBER04Zim52ZpujZxJ8fv3s3RFRJFxdOfd7ynr6FHhtm2DziyNA10lZg3O4RZd3KV9Sz0yVEbpmwzGypTEfYwhqgaQuDMYMeY5DJq7yjMcXvRFffWEA0DNLk2pq9soqtxDaKugo2G5CmduM/urZqDLtrG7Z7AoYTDvWWCRAPVbGPdXrYw5kCsd6Ph5eZr3JsBnKbUXPMedDsnai5pg2a7cAnXHoWJ8KS41KCjHbolTW2E5ujfBhgNyZfc7s1D0bUjBxoMwnWzihczqco2jHEqH2jrmfmA2KBxO/dk0MkZXrpgjA01nwjd3i0stgz7IoTR3CbkCLdAgibHy9bmyqS5olPFF2voXwKgd3l0g4aJ7oms7wTntC3WjY3POGK0n+sM3vGrILicqRnD0uu+pubemKg87O/5FEzvzQLzQQNN5r0vku2XqOM48/NLcKnxB352gqd8sXqFv2bQ3aV/Vfsb/3uCc4nWDw0PLd81IylHxV8e+WmH3/B//+/a34Bo+OfzP9DQ+9tR7t+OEgRBEARBEARBEARBEARBEARBEARBEARBEARBEARBEARBEARBEARBEARBEARBEARBEARBEARBEARBEAThD+UfzsKbrm8YqsEAAAAASUVORK5CYII=');

COMMIT;


-- -----------------------------------------------------
-- Data for table `eshopdb2`.`store_products`
-- -----------------------------------------------------
START TRANSACTION;
USE `eshopdb2`;
INSERT INTO `eshopdb2`.`store_products` (`shop_id`, `product_id`, `storeproduct_id`, `price`) VALUES (1, 1, 1, 300);
INSERT INTO `eshopdb2`.`store_products` (`shop_id`, `product_id`, `storeproduct_id`, `price`) VALUES (1, 2, 2, 400);
INSERT INTO `eshopdb2`.`store_products` (`shop_id`, `product_id`, `storeproduct_id`, `price`) VALUES (1, 4, 3, 250);
INSERT INTO `eshopdb2`.`store_products` (`shop_id`, `product_id`, `storeproduct_id`, `price`) VALUES (2, 1, 4, 290);
INSERT INTO `eshopdb2`.`store_products` (`shop_id`, `product_id`, `storeproduct_id`, `price`) VALUES (2, 3, 5, 250);
INSERT INTO `eshopdb2`.`store_products` (`shop_id`, `product_id`, `storeproduct_id`, `price`) VALUES (3, 1, 6, 350);
INSERT INTO `eshopdb2`.`store_products` (`shop_id`, `product_id`, `storeproduct_id`, `price`) VALUES (4, 2, 7, 420);
INSERT INTO `eshopdb2`.`store_products` (`shop_id`, `product_id`, `storeproduct_id`, `price`) VALUES (4, 3, 8, 180);

COMMIT;

